id;title;image_url;number
1;program;Wyoming sensor;Buckinghamshire
2;Connecticut Kentucky Cheese;firewall Buckinghamshire time-frame;hack
3;generating;Tools e-enable AI;auxiliary deposit
4;embrace Mandatory override;Intranet;e-business
5;Incredible Rubber Mouse;distributed Paradigm generating;Buckinghamshire Salad Tugrik
6;Azerbaijanian Manat Streets;migration strategize;Product
7;Forges 24/365;West Virginia;Architect Licensed Frozen Shirt Saint Helena Pound
8;real-time Boliviano Mvdol;open system Vermont;superstructure Roads Walks
9;British Indian Ocean Territory (Chagos Archipelago) extensible invoice;Egypt Shoes Multi-layered;engage holistic Cedi
10;synthesize;Buckinghamshire;Cambridgeshire Avenue
